route,stop,direction,day_type,depart_time
清61,清瀬駅北口,自宅方向,平日,06:08
清61,清瀬駅北口,自宅方向,平日,06:33
清61,清瀬駅北口,自宅方向,平日,06:52
清61,清瀬駅北口,自宅方向,平日,07:12
清61,清瀬駅北口,自宅方向,平日,07:30
清61,清瀬駅北口,自宅方向,平日,07:55
清61,清瀬駅北口,自宅方向,平日,08:24
清61,清瀬駅北口,自宅方向,平日,08:45
清61,清瀬駅北口,自宅方向,平日,09:25
清61,清瀬駅北口,自宅方向,平日,10:10
清61,清瀬駅北口,自宅方向,平日,10:39
清61,清瀬駅北口,自宅方向,平日,11:55
清61,清瀬駅北口,自宅方向,平日,12:34
清61,清瀬駅北口,自宅方向,平日,12:49
清61,清瀬駅北口,自宅方向,平日,13:28
清61,清瀬駅北口,自宅方向,平日,13:59
清61,清瀬駅北口,自宅方向,平日,14:32
清61,清瀬駅北口,自宅方向,平日,15:25
清61,清瀬駅北口,自宅方向,平日,16:00
清61,清瀬駅北口,自宅方向,平日,16:39
清61,清瀬駅北口,自宅方向,平日,17:01
清61,清瀬駅北口,自宅方向,平日,17:35
清61,清瀬駅北口,自宅方向,平日,18:12
清61,清瀬駅北口,自宅方向,平日,18:42
清61,清瀬駅北口,自宅方向,平日,19:09
清61,清瀬駅北口,自宅方向,平日,19:56
清61,清瀬駅北口,自宅方向,平日,20:40
清61,清瀬駅北口,自宅方向,平日,21:01
清61,清瀬駅北口,自宅方向,平日,21:31
清61,清瀬駅北口,自宅方向,平日,22:10
清61,清瀬駅北口,自宅方向,土曜,06:00
清61,清瀬駅北口,自宅方向,土曜,06:45
清61,清瀬駅北口,自宅方向,土曜,07:00
清61,清瀬駅北口,自宅方向,土曜,07:20
清61,清瀬駅北口,自宅方向,土曜,07:50
清61,清瀬駅北口,自宅方向,土曜,08:14
清61,清瀬駅北口,自宅方向,土曜,08:44
清61,清瀬駅北口,自宅方向,土曜,09:27
清61,清瀬駅北口,自宅方向,土曜,09:50
清61,清瀬駅北口,自宅方向,土曜,10:23
清61,清瀬駅北口,自宅方向,土曜,10:50
清61,清瀬駅北口,自宅方向,土曜,11:25
清61,清瀬駅北口,自宅方向,土曜,11:54
清61,清瀬駅北口,自宅方向,土曜,12:50
清61,清瀬駅北口,自宅方向,土曜,13:24
清61,清瀬駅北口,自宅方向,土曜,14:25
清61,清瀬駅北口,自宅方向,土曜,15:20
清61,清瀬駅北口,自宅方向,土曜,15:49
清61,清瀬駅北口,自宅方向,土曜,16:25
清61,清瀬駅北口,自宅方向,土曜,16:50
清61,清瀬駅北口,自宅方向,土曜,17:27
清61,清瀬駅北口,自宅方向,土曜,17:50
清61,清瀬駅北口,自宅方向,土曜,18:24
清61,清瀬駅北口,自宅方向,土曜,18:50
清61,清瀬駅北口,自宅方向,土曜,19:22
清61,清瀬駅北口,自宅方向,土曜,19:52
清61,清瀬駅北口,自宅方向,土曜,20:35
清61,清瀬駅北口,自宅方向,土曜,21:26
清61,清瀬駅北口,自宅方向,休日,06:15
清61,清瀬駅北口,自宅方向,休日,06:40
清61,清瀬駅北口,自宅方向,休日,07:10
清61,清瀬駅北口,自宅方向,休日,08:10
清61,清瀬駅北口,自宅方向,休日,08:40
清61,清瀬駅北口,自宅方向,休日,09:15
清61,清瀬駅北口,自宅方向,休日,09:55
清61,清瀬駅北口,自宅方向,休日,10:35
清61,清瀬駅北口,自宅方向,休日,10:55
清61,清瀬駅北口,自宅方向,休日,11:45
清61,清瀬駅北口,自宅方向,休日,12:20
清61,清瀬駅北口,自宅方向,休日,13:00
清61,清瀬駅北口,自宅方向,休日,13:45
清61,清瀬駅北口,自宅方向,休日,14:30
清61,清瀬駅北口,自宅方向,休日,15:35
清61,清瀬駅北口,自宅方向,休日,16:05
清61,清瀬駅北口,自宅方向,休日,16:45
清61,清瀬駅北口,自宅方向,休日,17:20
清61,清瀬駅北口,自宅方向,休日,18:00
清61,清瀬駅北口,自宅方向,休日,18:35
清61,清瀬駅北口,自宅方向,休日,19:15
清61,清瀬駅北口,自宅方向,休日,19:50
清61,清瀬駅北口,自宅方向,休日,20:25
清61,清瀬駅北口,自宅方向,休日,21:20
清61,清瀬駅北口,自宅方向,平日,11:22
清61,清瀬駅北口,自宅方向,平日,14:15
清61,清瀬駅北口,自宅方向,平日,20:14
清61,清瀬駅北口,自宅方向,平日,23:05
清61,清瀬駅北口,自宅方向,土曜,12:18
清61,清瀬駅北口,自宅方向,土曜,13:42
清61,清瀬駅北口,自宅方向,土曜,17:15
清61,清瀬駅北口,自宅方向,土曜,19:37
清61,清瀬駅北口,自宅方向,土曜,20:05
清61,清瀬駅北口,自宅方向,土曜,20:55
清61,清瀬駅北口,自宅方向,土曜,21:53
清61,清瀬駅北口,自宅方向,土曜,22:45
清61,清瀬駅北口,自宅方向,休日,13:30
清61,清瀬駅北口,自宅方向,休日,14:09
清61,清瀬駅北口,自宅方向,休日,20:56
清61,清瀬駅北口,自宅方向,休日,22:00
清61,清瀬駅北口,自宅方向,平日,13:43
清61,清瀬駅北口,自宅方向,平日,19:37
清61,清瀬駅北口,自宅方向,土曜,08:57
清61,清瀬駅北口,自宅方向,土曜,12:33
清61,清瀬駅北口,自宅方向,土曜,16:06
清61,清瀬駅北口,自宅方向,休日,07:40
清61,清瀬駅北口,自宅方向,休日,11:25
清61,清瀬駅北口,自宅方向,休日,15:04
清62,清瀬駅北口,自宅方向,平日,06:11
清62,清瀬駅北口,自宅方向,平日,06:40
清62,清瀬駅北口,自宅方向,平日,07:18
清62,清瀬駅北口,自宅方向,平日,07:56
清62,清瀬駅北口,自宅方向,平日,09:10
清62,清瀬駅北口,自宅方向,平日,10:28
清62,清瀬駅北口,自宅方向,平日,11:17
清62,清瀬駅北口,自宅方向,平日,12:14
清62,清瀬駅北口,自宅方向,平日,13:20
清62,清瀬駅北口,自宅方向,平日,14:20
清62,清瀬駅北口,自宅方向,平日,15:20
清62,清瀬駅北口,自宅方向,平日,16:13
清62,清瀬駅北口,自宅方向,平日,17:20
清62,清瀬駅北口,自宅方向,平日,18:28
清62,清瀬駅北口,自宅方向,平日,20:50
清62,清瀬駅北口,自宅方向,土曜,06:50
清62,清瀬駅北口,自宅方向,土曜,07:25
清62,清瀬駅北口,自宅方向,土曜,08:10
清62,清瀬駅北口,自宅方向,土曜,09:24
清62,清瀬駅北口,自宅方向,土曜,10:18
清62,清瀬駅北口,自宅方向,土曜,11:40
清62,清瀬駅北口,自宅方向,土曜,13:00
清62,清瀬駅北口,自宅方向,土曜,14:00
清62,清瀬駅北口,自宅方向,土曜,15:05
清62,清瀬駅北口,自宅方向,土曜,16:05
清62,清瀬駅北口,自宅方向,土曜,17:30
清62,清瀬駅北口,自宅方向,土曜,19:33
清62,清瀬駅北口,自宅方向,休日,07:25
清62,清瀬駅北口,自宅方向,休日,08:25
清62,清瀬駅北口,自宅方向,休日,09:25
清62,清瀬駅北口,自宅方向,休日,11:35
清62,清瀬駅北口,自宅方向,休日,12:30
清62,清瀬駅北口,自宅方向,休日,13:57
清62,清瀬駅北口,自宅方向,休日,14:46
清62,清瀬駅北口,自宅方向,休日,16:33
清62,清瀬駅北口,自宅方向,休日,17:38
清62,清瀬駅北口,自宅方向,休日,19:21
清62,清瀬駅北口,自宅方向,平日,07:44
清62,清瀬駅北口,自宅方向,平日,08:12
清63,清瀬駅北口,自宅方向,平日,06:00
清63,清瀬駅北口,自宅方向,平日,06:18
清63,清瀬駅北口,自宅方向,平日,06:30
清63,清瀬駅北口,自宅方向,平日,06:50
清63,清瀬駅北口,自宅方向,平日,06:58
清63,清瀬駅北口,自宅方向,平日,07:04
清63,清瀬駅北口,自宅方向,平日,07:09
清63,清瀬駅北口,自宅方向,平日,07:23
清63,清瀬駅北口,自宅方向,平日,07:30
清63,清瀬駅北口,自宅方向,平日,07:39
清63,清瀬駅北口,自宅方向,平日,07:49
清63,清瀬駅北口,自宅方向,平日,07:58
清63,清瀬駅北口,自宅方向,平日,08:05
清63,清瀬駅北口,自宅方向,平日,08:10
清63,清瀬駅北口,自宅方向,平日,08:18
清63,清瀬駅北口,自宅方向,平日,08:27
清63,清瀬駅北口,自宅方向,平日,08:34
清63,清瀬駅北口,自宅方向,平日,08:41
清63,清瀬駅北口,自宅方向,平日,08:48
清63,清瀬駅北口,自宅方向,平日,08:57
清63,清瀬駅北口,自宅方向,平日,09:05
清63,清瀬駅北口,自宅方向,平日,09:16
清63,清瀬駅北口,自宅方向,平日,09:30
清63,清瀬駅北口,自宅方向,平日,09:38
清63,清瀬駅北口,自宅方向,平日,09:44
清63,清瀬駅北口,自宅方向,平日,09:54
清63,清瀬駅北口,自宅方向,平日,10:01
清63,清瀬駅北口,自宅方向,平日,10:10
清63,清瀬駅北口,自宅方向,平日,10:21
清63,清瀬駅北口,自宅方向,平日,10:37
清63,清瀬駅北口,自宅方向,平日,10:47
清63,清瀬駅北口,自宅方向,平日,10:57
清63,清瀬駅北口,自宅方向,平日,11:05
清63,清瀬駅北口,自宅方向,平日,11:19
清63,清瀬駅北口,自宅方向,平日,11:30
清63,清瀬駅北口,自宅方向,平日,11:40
清63,清瀬駅北口,自宅方向,平日,11:50
清63,清瀬駅北口,自宅方向,平日,12:00
清63,清瀬駅北口,自宅方向,平日,12:09
清63,清瀬駅北口,自宅方向,平日,12:20
清63,清瀬駅北口,自宅方向,平日,12:26
清63,清瀬駅北口,自宅方向,平日,12:33
清63,清瀬駅北口,自宅方向,平日,12:41
清63,清瀬駅北口,自宅方向,平日,12:56
清63,清瀬駅北口,自宅方向,平日,13:07
清63,清瀬駅北口,自宅方向,平日,13:14
清63,清瀬駅北口,自宅方向,平日,13:26
清63,清瀬駅北口,自宅方向,平日,13:34
清63,清瀬駅北口,自宅方向,平日,13:52
清63,清瀬駅北口,自宅方向,平日,14:00
清63,清瀬駅北口,自宅方向,平日,14:14
清63,清瀬駅北口,自宅方向,平日,14:24
清63,清瀬駅北口,自宅方向,平日,14:36
清63,清瀬駅北口,自宅方向,平日,14:46
清63,清瀬駅北口,自宅方向,平日,14:57
清63,清瀬駅北口,自宅方向,平日,15:07
清63,清瀬駅北口,自宅方向,平日,15:17
清63,清瀬駅北口,自宅方向,平日,15:29
清63,清瀬駅北口,自宅方向,平日,15:48
清63,清瀬駅北口,自宅方向,平日,15:58
清63,清瀬駅北口,自宅方向,平日,16:07
清63,清瀬駅北口,自宅方向,平日,16:19
清63,清瀬駅北口,自宅方向,平日,16:29
清63,清瀬駅北口,自宅方向,平日,16:35
清63,清瀬駅北口,自宅方向,平日,16:42
清63,清瀬駅北口,自宅方向,平日,16:50
清63,清瀬駅北口,自宅方向,平日,17:00
清63,清瀬駅北口,自宅方向,平日,17:15
清63,清瀬駅北口,自宅方向,平日,17:24
清63,清瀬駅北口,自宅方向,平日,17:31
清63,清瀬駅北口,自宅方向,平日,17:40
清63,清瀬駅北口,自宅方向,平日,17:46
清63,清瀬駅北口,自宅方向,平日,17:52
清63,清瀬駅北口,自宅方向,平日,17:57
清63,清瀬駅北口,自宅方向,平日,18:04
清63,清瀬駅北口,自宅方向,平日,18:10
清63,清瀬駅北口,自宅方向,平日,18:16
清63,清瀬駅北口,自宅方向,平日,18:22
清63,清瀬駅北口,自宅方向,平日,18:34
清63,清瀬駅北口,自宅方向,平日,18:45
清63,清瀬駅北口,自宅方向,平日,18:51
清63,清瀬駅北口,自宅方向,平日,18:57
清63,清瀬駅北口,自宅方向,平日,19:04
清63,清瀬駅北口,自宅方向,平日,19:20
清63,清瀬駅北口,自宅方向,平日,19:40
清63,清瀬駅北口,自宅方向,平日,19:47
清63,清瀬駅北口,自宅方向,平日,19:59
清63,清瀬駅北口,自宅方向,平日,20:18
清63,清瀬駅北口,自宅方向,平日,20:31
清63,清瀬駅北口,自宅方向,平日,20:44
清63,清瀬駅北口,自宅方向,平日,20:57
清63,清瀬駅北口,自宅方向,平日,21:10
清63,清瀬駅北口,自宅方向,平日,21:22
清63,清瀬駅北口,自宅方向,平日,21:34
清63,清瀬駅北口,自宅方向,平日,22:00
清63,清瀬駅北口,自宅方向,平日,22:30
清63,清瀬駅北口,自宅方向,平日,22:50
清63,清瀬駅北口,自宅方向,土曜,06:21
清63,清瀬駅北口,自宅方向,土曜,06:35
清63,清瀬駅北口,自宅方向,土曜,07:03
清63,清瀬駅北口,自宅方向,土曜,07:16
清63,清瀬駅北口,自宅方向,土曜,07:31
清63,清瀬駅北口,自宅方向,土曜,07:43
清63,清瀬駅北口,自宅方向,土曜,08:00
清63,清瀬駅北口,自宅方向,土曜,08:23
清63,清瀬駅北口,自宅方向,土曜,08:35
清63,清瀬駅北口,自宅方向,土曜,08:44
清63,清瀬駅北口,自宅方向,土曜,08:55
清63,清瀬駅北口,自宅方向,土曜,09:05
清63,清瀬駅北口,自宅方向,土曜,09:17
清63,清瀬駅北口,自宅方向,土曜,09:32
清63,清瀬駅北口,自宅方向,土曜,09:47
清63,清瀬駅北口,自宅方向,土曜,09:58
清63,清瀬駅北口,自宅方向,土曜,10:10
清63,清瀬駅北口,自宅方向,土曜,10:23
清63,清瀬駅北口,自宅方向,土曜,10:32
清63,清瀬駅北口,自宅方向,土曜,10:42
清63,清瀬駅北口,自宅方向,土曜,11:00
清63,清瀬駅北口,自宅方向,土曜,11:08
清63,清瀬駅北口,自宅方向,土曜,11:16
清63,清瀬駅北口,自宅方向,土曜,11:24
清63,清瀬駅北口,自宅方向,土曜,11:35
清63,清瀬駅北口,自宅方向,土曜,11:46
清63,清瀬駅北口,自宅方向,土曜,11:57
清63,清瀬駅北口,自宅方向,土曜,12:07
清63,清瀬駅北口,自宅方向,土曜,12:18
清63,清瀬駅北口,自宅方向,土曜,12:27
清63,清瀬駅北口,自宅方向,土曜,12:36
清63,清瀬駅北口,自宅方向,土曜,12:50
清63,清瀬駅北口,自宅方向,土曜,13:03
清63,清瀬駅北口,自宅方向,土曜,13:12
清63,清瀬駅北口,自宅方向,土曜,13:26
清63,清瀬駅北口,自宅方向,土曜,13:35
清63,清瀬駅北口,自宅方向,土曜,13:45
清63,清瀬駅北口,自宅方向,土曜,14:02
清63,清瀬駅北口,自宅方向,土曜,14:12
清63,清瀬駅北口,自宅方向,土曜,14:44
清63,清瀬駅北口,自宅方向,土曜,14:56
清63,清瀬駅北口,自宅方向,土曜,15:11
清63,清瀬駅北口,自宅方向,土曜,15:26
清63,清瀬駅北口,自宅方向,土曜,15:38
清63,清瀬駅北口,自宅方向,土曜,15:54
清63,清瀬駅北口,自宅方向,土曜,16:00
清63,清瀬駅北口,自宅方向,土曜,16:12
清63,清瀬駅北口,自宅方向,土曜,16:24
清63,清瀬駅北口,自宅方向,土曜,16:42
清63,清瀬駅北口,自宅方向,土曜,16:56
清63,清瀬駅北口,自宅方向,土曜,17:09
清63,清瀬駅北口,自宅方向,土曜,17:21
清63,清瀬駅北口,自宅方向,土曜,17:37
清63,清瀬駅北口,自宅方向,土曜,17:45
清63,清瀬駅北口,自宅方向,土曜,17:55
清63,清瀬駅北口,自宅方向,土曜,18:13
清63,清瀬駅北口,自宅方向,土曜,18:23
清63,清瀬駅北口,自宅方向,土曜,18:33
清63,清瀬駅北口,自宅方向,土曜,18:43
清63,清瀬駅北口,自宅方向,土曜,18:55
清63,清瀬駅北口,自宅方向,土曜,19:17
清63,清瀬駅北口,自宅方向,土曜,19:40
清63,清瀬駅北口,自宅方向,土曜,20:00
清63,清瀬駅北口,自宅方向,土曜,20:20
清63,清瀬駅北口,自宅方向,土曜,20:50
清63,清瀬駅北口,自宅方向,土曜,21:25
清63,清瀬駅北口,自宅方向,土曜,21:45
清63,清瀬駅北口,自宅方向,土曜,22:05
清63,清瀬駅北口,自宅方向,土曜,22:25
清63,清瀬駅北口,自宅方向,休日,06:33
清63,清瀬駅北口,自宅方向,休日,07:13
清63,清瀬駅北口,自宅方向,休日,07:39
清63,清瀬駅北口,自宅方向,休日,08:00
清63,清瀬駅北口,自宅方向,休日,08:18
清63,清瀬駅北口,自宅方向,休日,08:34
清63,清瀬駅北口,自宅方向,休日,08:44
清63,清瀬駅北口,自宅方向,休日,09:00
清63,清瀬駅北口,自宅方向,休日,09:15
清63,清瀬駅北口,自宅方向,休日,09:32
清63,清瀬駅北口,自宅方向,休日,09:45
清63,清瀬駅北口,自宅方向,休日,10:02
清63,清瀬駅北口,自宅方向,休日,10:16
清63,清瀬駅北口,自宅方向,休日,10:28
清63,清瀬駅北口,自宅方向,休日,10:35
清63,清瀬駅北口,自宅方向,休日,10:44
清63,清瀬駅北口,自宅方向,休日,10:58
清63,清瀬駅北口,自宅方向,休日,11:12
清63,清瀬駅北口,自宅方向,休日,11:19
清63,清瀬駅北口,自宅方向,休日,11:28
清63,清瀬駅北口,自宅方向,休日,11:40
清63,清瀬駅北口,自宅方向,休日,11:53
清63,清瀬駅北口,自宅方向,休日,12:06
清63,清瀬駅北口,自宅方向,休日,12:18
清63,清瀬駅北口,自宅方向,休日,12:35
清63,清瀬駅北口,自宅方向,休日,12:51
清63,清瀬駅北口,自宅方向,休日,13:03
清63,清瀬駅北口,自宅方向,休日,13:15
清63,清瀬駅北口,自宅方向,休日,13:28
清63,清瀬駅北口,自宅方向,休日,13:42
清63,清瀬駅北口,自宅方向,休日,13:52
清63,清瀬駅北口,自宅方向,休日,14:02
清63,清瀬駅北口,自宅方向,休日,14:12
清63,清瀬駅北口,自宅方向,休日,14:32
清63,清瀬駅北口,自宅方向,休日,15:07
清63,清瀬駅北口,自宅方向,休日,15:21
清63,清瀬駅北口,自宅方向,休日,15:34
清63,清瀬駅北口,自宅方向,休日,15:49
清63,清瀬駅北口,自宅方向,休日,16:02
清63,清瀬駅北口,自宅方向,休日,16:16
清63,清瀬駅北口,自宅方向,休日,16:24
清63,清瀬駅北口,自宅方向,休日,16:43
清63,清瀬駅北口,自宅方向,休日,16:57
清63,清瀬駅北口,自宅方向,休日,17:10
清63,清瀬駅北口,自宅方向,休日,17:24
清63,清瀬駅北口,自宅方向,休日,17:40
清63,清瀬駅北口,自宅方向,休日,17:53
清63,清瀬駅北口,自宅方向,休日,18:08
清63,清瀬駅北口,自宅方向,休日,18:24
清63,清瀬駅北口,自宅方向,休日,18:44
清63,清瀬駅北口,自宅方向,休日,19:09
清63,清瀬駅北口,自宅方向,休日,19:32
清63,清瀬駅北口,自宅方向,休日,19:56
清63,清瀬駅北口,自宅方向,休日,20:17
清63,清瀬駅北口,自宅方向,休日,20:36
清63,清瀬駅北口,自宅方向,休日,21:05
清63,清瀬駅北口,自宅方向,休日,21:25
清63,清瀬駅北口,自宅方向,休日,21:45
清63,清瀬駅北口,自宅方向,休日,22:05
清63,清瀬駅北口,自宅方向,平日,23:40
清63,清瀬駅北口,自宅方向,平日,17:11
清64,清瀬駅北口,自宅方向,平日,06:40
清64,清瀬駅北口,自宅方向,平日,07:45
清64,清瀬駅北口,自宅方向,平日,08:50
清64,清瀬駅北口,自宅方向,平日,10:05
清64,清瀬駅北口,自宅方向,平日,11:30
清64,清瀬駅北口,自宅方向,平日,12:30
清64,清瀬駅北口,自宅方向,平日,13:40
清64,清瀬駅北口,自宅方向,平日,14:35
清64,清瀬駅北口,自宅方向,平日,15:30
清64,清瀬駅北口,自宅方向,平日,16:35
清64,清瀬駅北口,自宅方向,平日,17:15
清64,清瀬駅北口,自宅方向,平日,18:10
清64,清瀬駅北口,自宅方向,平日,19:05
清64,清瀬駅北口,自宅方向,平日,20:00
清64,清瀬駅北口,自宅方向,平日,21:35
清63,清瀬駅北口,自宅方向,土曜,06:33
清63,清瀬駅北口,自宅方向,土曜,07:13
清63,清瀬駅北口,自宅方向,土曜,07:39
清63,清瀬駅北口,自宅方向,土曜,08:00
清63,清瀬駅北口,自宅方向,土曜,08:18
清63,清瀬駅北口,自宅方向,土曜,08:34
清63,清瀬駅北口,自宅方向,土曜,08:44
清63,清瀬駅北口,自宅方向,土曜,09:00
清63,清瀬駅北口,自宅方向,土曜,09:15
清63,清瀬駅北口,自宅方向,土曜,09:32
清63,清瀬駅北口,自宅方向,土曜,09:45
清63,清瀬駅北口,自宅方向,土曜,10:02
清63,清瀬駅北口,自宅方向,土曜,10:16
清63,清瀬駅北口,自宅方向,土曜,10:28
清63,清瀬駅北口,自宅方向,土曜,10:35
清63,清瀬駅北口,自宅方向,土曜,10:44
清63,清瀬駅北口,自宅方向,土曜,10:58
清63,清瀬駅北口,自宅方向,土曜,11:12
清63,清瀬駅北口,自宅方向,土曜,11:19
清63,清瀬駅北口,自宅方向,土曜,11:28
清63,清瀬駅北口,自宅方向,土曜,11:40
清63,清瀬駅北口,自宅方向,土曜,11:53
清63,清瀬駅北口,自宅方向,土曜,12:06
清63,清瀬駅北口,自宅方向,土曜,12:18
清63,清瀬駅北口,自宅方向,土曜,12:35
清63,清瀬駅北口,自宅方向,土曜,12:51
清63,清瀬駅北口,自宅方向,土曜,13:03
清63,清瀬駅北口,自宅方向,土曜,13:15
清63,清瀬駅北口,自宅方向,土曜,13:28
清63,清瀬駅北口,自宅方向,土曜,13:42
清63,清瀬駅北口,自宅方向,土曜,13:52
清63,清瀬駅北口,自宅方向,土曜,14:02
清63,清瀬駅北口,自宅方向,土曜,14:12
清63,清瀬駅北口,自宅方向,土曜,14:32
清63,清瀬駅北口,自宅方向,土曜,15:07
清63,清瀬駅北口,自宅方向,土曜,15:21
清63,清瀬駅北口,自宅方向,土曜,15:34
清63,清瀬駅北口,自宅方向,土曜,15:49
清63,清瀬駅北口,自宅方向,土曜,16:02
清63,清瀬駅北口,自宅方向,土曜,16:16
清63,清瀬駅北口,自宅方向,土曜,16:24
清63,清瀬駅北口,自宅方向,土曜,16:43
清63,清瀬駅北口,自宅方向,土曜,16:57
清63,清瀬駅北口,自宅方向,土曜,17:10
清63,清瀬駅北口,自宅方向,土曜,17:24
清63,清瀬駅北口,自宅方向,土曜,17:40
清63,清瀬駅北口,自宅方向,土曜,17:53
清63,清瀬駅北口,自宅方向,土曜,18:08
清63,清瀬駅北口,自宅方向,土曜,18:24
清63,清瀬駅北口,自宅方向,土曜,18:44
清63,清瀬駅北口,自宅方向,土曜,19:09
清63,清瀬駅北口,自宅方向,土曜,19:32
清63,清瀬駅北口,自宅方向,土曜,19:56
清63,清瀬駅北口,自宅方向,土曜,20:17
清63,清瀬駅北口,自宅方向,土曜,20:36
清63,清瀬駅北口,自宅方向,土曜,21:05
清63,清瀬駅北口,自宅方向,土曜,21:25
清63,清瀬駅北口,自宅方向,土曜,21:45
清63,清瀬駅北口,自宅方向,土曜,22:05
清64,清瀬駅北口,自宅方向,休日,10:05
清64,清瀬駅北口,自宅方向,休日,11:00
清64,清瀬駅北口,自宅方向,休日,12:00
清64,清瀬駅北口,自宅方向,休日,14:10
清64,清瀬駅北口,自宅方向,休日,15:05
清64,清瀬駅北口,自宅方向,休日,16:05
清64,清瀬駅北口,自宅方向,休日,17:00
清61,新座駅南口,自宅方向,平日,06:20
清61,新座駅南口,自宅方向,平日,06:51
清61,新座駅南口,自宅方向,平日,07:00
清61,新座駅南口,自宅方向,平日,07:27
清61,新座駅南口,自宅方向,平日,07:52
清61,新座駅南口,自宅方向,平日,08:18
清61,新座駅南口,自宅方向,平日,08:42
清61,新座駅南口,自宅方向,平日,09:12
清61,新座駅南口,自宅方向,平日,09:48
清61,新座駅南口,自宅方向,平日,10:36
清61,新座駅南口,自宅方向,平日,11:42
清61,新座駅南口,自宅方向,平日,12:05
清61,新座駅南口,自宅方向,平日,12:44
清61,新座駅南口,自宅方向,平日,13:05
清61,新座駅南口,自宅方向,平日,13:33
清61,新座駅南口,自宅方向,平日,14:04
清61,新座駅南口,自宅方向,平日,14:32
清61,新座駅南口,自宅方向,平日,15:00
清61,新座駅南口,自宅方向,平日,15:35
清61,新座駅南口,自宅方向,平日,16:03
清61,新座駅南口,自宅方向,平日,16:35
清61,新座駅南口,自宅方向,平日,17:03
清61,新座駅南口,自宅方向,平日,17:44
清61,新座駅南口,自宅方向,平日,18:10
清61,新座駅南口,自宅方向,平日,18:48
清61,新座駅南口,自宅方向,平日,19:18
清61,新座駅南口,自宅方向,平日,20:15
清61,新座駅南口,自宅方向,平日,20:51
清61,新座駅南口,自宅方向,平日,21:33
清61,新座駅南口,自宅方向,平日,22:25
清64,清瀬駅北口,自宅方向,土曜,10:05
清64,清瀬駅北口,自宅方向,土曜,11:00
清64,清瀬駅北口,自宅方向,土曜,12:00
清64,清瀬駅北口,自宅方向,土曜,14:10
清64,清瀬駅北口,自宅方向,土曜,15:05
清64,清瀬駅北口,自宅方向,土曜,16:05
清64,清瀬駅北口,自宅方向,土曜,17:00
清61,新座駅南口,自宅方向,休日,07:00
清61,新座駅南口,自宅方向,休日,07:30
清61,新座駅南口,自宅方向,休日,08:00
清61,新座駅南口,自宅方向,休日,09:01
清61,新座駅南口,自宅方向,休日,09:35
清61,新座駅南口,自宅方向,休日,10:08
清61,新座駅南口,自宅方向,休日,10:55
清61,新座駅南口,自宅方向,休日,11:35
清61,新座駅南口,自宅方向,休日,12:45
清61,新座駅南口,自宅方向,休日,13:23
清61,新座駅南口,自宅方向,休日,14:10
清61,新座駅南口,自宅方向,休日,14:50
清61,新座駅南口,自宅方向,休日,15:30
清61,新座駅南口,自宅方向,休日,16:40
清61,新座駅南口,自宅方向,休日,17:12
清61,新座駅南口,自宅方向,休日,17:50
清61,新座駅南口,自宅方向,休日,18:24
清61,新座駅南口,自宅方向,休日,19:33
清61,新座駅南口,自宅方向,休日,20:10
清61,新座駅南口,自宅方向,休日,20:45
清61,新座駅南口,自宅方向,休日,21:20
清62,新座駅南口,自宅方向,平日,07:08
清62,新座駅南口,自宅方向,平日,07:40
清62,新座駅南口,自宅方向,平日,08:28
清62,新座駅南口,自宅方向,平日,09:06
清62,新座駅南口,自宅方向,平日,10:17
清62,新座駅南口,自宅方向,平日,11:32
清62,新座駅南口,自宅方向,平日,12:22
清62,新座駅南口,自宅方向,平日,13:21
清62,新座駅南口,自宅方向,平日,14:20
清62,新座駅南口,自宅方向,平日,15:23
清62,新座駅南口,自宅方向,平日,16:23
清62,新座駅南口,自宅方向,平日,17:20
清62,新座駅南口,自宅方向,平日,18:35
清62,新座駅南口,自宅方向,平日,19:34
清62,新座駅南口,自宅方向,平日,21:46
清62,清瀬駅北口,自宅方向,土曜,07:47
清62,清瀬駅北口,自宅方向,土曜,08:23
清62,清瀬駅北口,自宅方向,土曜,09:10
清62,清瀬駅北口,自宅方向,土曜,10:26
清62,清瀬駅北口,自宅方向,土曜,11:32
清62,清瀬駅北口,自宅方向,土曜,12:45
清62,清瀬駅北口,自宅方向,土曜,14:10
清62,清瀬駅北口,自宅方向,土曜,15:10
清62,清瀬駅北口,自宅方向,土曜,16:15
清62,清瀬駅北口,自宅方向,土曜,17:15
清62,清瀬駅北口,自宅方向,土曜,18:40
清62,清瀬駅北口,自宅方向,土曜,20:35
清62,新座駅南口,自宅方向,休日,07:40
清62,新座駅南口,自宅方向,休日,08:22
清62,新座駅南口,自宅方向,休日,09:25
清62,新座駅南口,自宅方向,休日,10:25
清62,新座駅南口,自宅方向,休日,12:38
清62,新座駅南口,自宅方向,休日,13:35
清62,新座駅南口,自宅方向,休日,15:00
清62,新座駅南口,自宅方向,休日,15:52
清62,新座駅南口,自宅方向,休日,17:40
清62,新座駅南口,自宅方向,休日,18:50
清62,新座駅南口,自宅方向,休日,20:20
清61,下清戸,清瀬駅方向,平日,06:29
清61,下清戸,清瀬駅方向,平日,07:01
清61,下清戸,清瀬駅方向,平日,07:13
清61,下清戸,清瀬駅方向,平日,07:42
清61,下清戸,清瀬駅方向,平日,08:07
清61,下清戸,清瀬駅方向,平日,08:33
清61,下清戸,清瀬駅方向,平日,08:57
清61,下清戸,清瀬駅方向,平日,09:25
清61,下清戸,清瀬駅方向,平日,10:01
清61,下清戸,清瀬駅方向,平日,10:49
清61,下清戸,清瀬駅方向,平日,11:55
清61,下清戸,清瀬駅方向,平日,12:18
清61,下清戸,清瀬駅方向,平日,12:57
清61,下清戸,清瀬駅方向,平日,13:18
清61,下清戸,清瀬駅方向,平日,13:46
清61,下清戸,清瀬駅方向,平日,14:17
清61,下清戸,清瀬駅方向,平日,14:45
清61,下清戸,清瀬駅方向,平日,15:13
清61,下清戸,清瀬駅方向,平日,15:48
清61,下清戸,清瀬駅方向,平日,16:16
清61,下清戸,清瀬駅方向,平日,16:48
清61,下清戸,清瀬駅方向,平日,17:16
清61,下清戸,清瀬駅方向,平日,17:58
清61,下清戸,清瀬駅方向,平日,18:24
清61,下清戸,清瀬駅方向,平日,19:02
清61,下清戸,清瀬駅方向,平日,19:29
清61,下清戸,清瀬駅方向,平日,20:24
清61,下清戸,清瀬駅方向,平日,21:00
清61,下清戸,清瀬駅方向,平日,21:42
清61,下清戸,清瀬駅方向,平日,22:34
清61,下清戸,清瀬駅方向,土曜,06:53
清61,下清戸,清瀬駅方向,土曜,07:45
清61,下清戸,清瀬駅方向,土曜,08:05
清61,下清戸,清瀬駅方向,土曜,08:25
清61,下清戸,清瀬駅方向,土曜,08:55
清61,下清戸,清瀬駅方向,土曜,09:24
清61,下清戸,清瀬駅方向,土曜,10:01
清61,下清戸,清瀬駅方向,土曜,10:45
清61,下清戸,清瀬駅方向,土曜,11:04
清61,下清戸,清瀬駅方向,土曜,11:38
清61,下清戸,清瀬駅方向,土曜,12:07
清61,下清戸,清瀬駅方向,土曜,12:41
清61,下清戸,清瀬駅方向,土曜,13:09
清61,下清戸,清瀬駅方向,土曜,13:41
清61,下清戸,清瀬駅方向,土曜,14:07
清61,下清戸,清瀬駅方向,土曜,15:06
清61,下清戸,清瀬駅方向,土曜,15:42
清61,下清戸,清瀬駅方向,土曜,16:02
清61,下清戸,清瀬駅方向,土曜,16:40
清61,下清戸,清瀬駅方向,土曜,17:11
清61,下清戸,清瀬駅方向,土曜,17:44
清61,下清戸,清瀬駅方向,土曜,18:12
清61,下清戸,清瀬駅方向,土曜,18:48
清61,下清戸,清瀬駅方向,土曜,19:13
清61,下清戸,清瀬駅方向,土曜,19:42
清61,下清戸,清瀬駅方向,土曜,20:04
清61,下清戸,清瀬駅方向,土曜,20:29
清61,下清戸,清瀬駅方向,土曜,20:59
清61,下清戸,清瀬駅方向,土曜,21:34
清61,下清戸,清瀬駅方向,土曜,22:24
清61,下清戸,清瀬駅方向,休日,07:08
清61,下清戸,清瀬駅方向,休日,07:40
清61,下清戸,清瀬駅方向,休日,08:10
清61,下清戸,清瀬駅方向,休日,09:11
清61,下清戸,清瀬駅方向,休日,09:45
清61,下清戸,清瀬駅方向,休日,10:18
清61,下清戸,清瀬駅方向,休日,11:05
清61,下清戸,清瀬駅方向,休日,11:45
清61,下清戸,清瀬駅方向,休日,12:55
清61,下清戸,清瀬駅方向,休日,13:33
清61,下清戸,清瀬駅方向,休日,14:20
清61,下清戸,清瀬駅方向,休日,15:00
清61,下清戸,清瀬駅方向,休日,15:42
清61,下清戸,清瀬駅方向,休日,16:52
清61,下清戸,清瀬駅方向,休日,17:24
清61,下清戸,清瀬駅方向,休日,18:02
清61,下清戸,清瀬駅方向,休日,18:36
清61,下清戸,清瀬駅方向,休日,19:43
清61,下清戸,清瀬駅方向,休日,20:19
清61,下清戸,清瀬駅方向,休日,20:54
清61,下清戸,清瀬駅方向,休日,21:29
清61,下清戸,新座駅方向,平日,06:16
清61,下清戸,新座駅方向,平日,06:41
清61,下清戸,新座駅方向,平日,07:00
清61,下清戸,新座駅方向,平日,07:20
清61,下清戸,新座駅方向,平日,07:38
清61,下清戸,新座駅方向,平日,08:03
清61,下清戸,新座駅方向,平日,08:32
清61,下清戸,新座駅方向,平日,08:53
清61,下清戸,新座駅方向,平日,09:33
清61,下清戸,新座駅方向,平日,10:18
清61,下清戸,新座駅方向,平日,10:47
清61,下清戸,新座駅方向,平日,12:03
清61,下清戸,新座駅方向,平日,12:42
清61,下清戸,新座駅方向,平日,12:57
清61,下清戸,新座駅方向,平日,13:36
清61,下清戸,新座駅方向,平日,14:07
清61,下清戸,新座駅方向,平日,14:40
清61,下清戸,新座駅方向,平日,15:33
清61,下清戸,新座駅方向,平日,16:08
清61,下清戸,新座駅方向,平日,16:47
清61,下清戸,新座駅方向,平日,17:09
清61,下清戸,新座駅方向,平日,17:43
清61,下清戸,新座駅方向,平日,18:20
清61,下清戸,新座駅方向,平日,18:50
清61,下清戸,新座駅方向,平日,19:17
清61,下清戸,新座駅方向,平日,20:04
清61,下清戸,新座駅方向,平日,20:47
清61,下清戸,新座駅方向,平日,21:08
清61,下清戸,新座駅方向,平日,21:38
清61,下清戸,新座駅方向,平日,22:17
清61,下清戸,新座駅方向,土曜,06:07
清61,下清戸,新座駅方向,土曜,06:52
清61,下清戸,新座駅方向,土曜,07:07
清61,下清戸,新座駅方向,土曜,07:27
清61,下清戸,新座駅方向,土曜,07:57
清61,下清戸,新座駅方向,土曜,08:21
清61,下清戸,新座駅方向,土曜,08:51
清61,下清戸,新座駅方向,土曜,09:34
清61,下清戸,新座駅方向,土曜,09:57
清61,下清戸,新座駅方向,土曜,10:30
清61,下清戸,新座駅方向,土曜,10:57
清61,下清戸,新座駅方向,土曜,11:32
清61,下清戸,新座駅方向,土曜,12:01
清61,下清戸,新座駅方向,土曜,12:57
清61,下清戸,新座駅方向,土曜,13:31
清61,下清戸,新座駅方向,土曜,14:32
清61,下清戸,新座駅方向,土曜,15:27
清61,下清戸,新座駅方向,土曜,15:56
清61,下清戸,新座駅方向,土曜,16:32
清61,下清戸,新座駅方向,土曜,16:57
清61,下清戸,新座駅方向,土曜,17:34
清61,下清戸,新座駅方向,土曜,17:57
清61,下清戸,新座駅方向,土曜,18:31
清61,下清戸,新座駅方向,土曜,18:57
清61,下清戸,新座駅方向,土曜,19:29
清61,下清戸,新座駅方向,土曜,19:59
清61,下清戸,新座駅方向,土曜,20:42
清61,下清戸,新座駅方向,土曜,21:33
清61,下清戸,新座駅方向,休日,06:22
清61,下清戸,新座駅方向,休日,06:47
清61,下清戸,新座駅方向,休日,07:17
清61,下清戸,新座駅方向,休日,08:17
清61,下清戸,新座駅方向,休日,08:47
清61,下清戸,新座駅方向,休日,09:22
清61,下清戸,新座駅方向,休日,10:02
清61,下清戸,新座駅方向,休日,10:42
清61,下清戸,新座駅方向,休日,11:02
清61,下清戸,新座駅方向,休日,11:52
清61,下清戸,新座駅方向,休日,12:27
清61,下清戸,新座駅方向,休日,13:07
清61,下清戸,新座駅方向,休日,13:52
清61,下清戸,新座駅方向,休日,14:37
清61,下清戸,新座駅方向,休日,15:42
清61,下清戸,新座駅方向,休日,16:12
清61,下清戸,新座駅方向,休日,16:52
清61,下清戸,新座駅方向,休日,17:27
清61,下清戸,新座駅方向,休日,18:07
清61,下清戸,新座駅方向,休日,18:42
清61,下清戸,新座駅方向,休日,19:22
清61,下清戸,新座駅方向,休日,19:57
清61,下清戸,新座駅方向,休日,20:32
清61,下清戸,新座駅方向,休日,21:27
清61,下清戸,清瀬駅方向,平日,05:45
清61,下清戸,清瀬駅方向,平日,06:10
清61,下清戸,清瀬駅方向,平日,06:47
清61,下清戸,清瀬駅方向,平日,07:17
清61,下清戸,清瀬駅方向,平日,14:05
清61,下清戸,清瀬駅方向,平日,15:36
清61,下清戸,清瀬駅方向,土曜,05:37
清61,下清戸,清瀬駅方向,土曜,06:22
清61,下清戸,清瀬駅方向,土曜,06:37
清61,下清戸,清瀬駅方向,土曜,07:24
清61,下清戸,清瀬駅方向,土曜,08:31
清61,下清戸,清瀬駅方向,休日,05:54
清61,下清戸,清瀬駅方向,休日,06:19
清61,下清戸,清瀬駅方向,休日,06:47
清61,下清戸,清瀬駅方向,休日,08:45
清61,下清戸,清瀬駅方向,休日,13:16
清61,下清戸,清瀬駅方向,休日,14:34
清61,下清戸,新座駅方向,平日,13:51
清61,下清戸,新座駅方向,平日,19:45
清61,下清戸,新座駅方向,土曜,09:04
清61,下清戸,新座駅方向,土曜,12:40
清61,下清戸,新座駅方向,土曜,16:13
清61,下清戸,新座駅方向,休日,07:47
清61,下清戸,新座駅方向,休日,11:32
清61,下清戸,新座駅方向,休日,15:11
清62,台田,清瀬駅方向,平日,07:22
清62,台田,清瀬駅方向,平日,07:55
清62,台田,清瀬駅方向,平日,08:43
清62,台田,清瀬駅方向,平日,09:21
清62,台田,清瀬駅方向,平日,10:32
清62,台田,清瀬駅方向,平日,11:46
清62,台田,清瀬駅方向,平日,12:36
清62,台田,清瀬駅方向,平日,13:35
清62,台田,清瀬駅方向,平日,14:34
清62,台田,清瀬駅方向,平日,15:37
清62,台田,清瀬駅方向,平日,16:37
清62,台田,清瀬駅方向,平日,17:35
清62,台田,清瀬駅方向,平日,18:50
清62,台田,清瀬駅方向,平日,19:48
清62,台田,清瀬駅方向,平日,21:59
清62,台田,清瀬駅方向,土曜,07:59
清62,台田,清瀬駅方向,土曜,08:35
清62,台田,清瀬駅方向,土曜,09:22
清62,台田,清瀬駅方向,土曜,10:40
清62,台田,清瀬駅方向,土曜,11:46
清62,台田,清瀬駅方向,土曜,12:59
清62,台田,清瀬駅方向,土曜,14:24
清62,台田,清瀬駅方向,土曜,15:24
清62,台田,清瀬駅方向,土曜,16:29
清62,台田,清瀬駅方向,土曜,17:29
清62,台田,清瀬駅方向,土曜,18:54
清62,台田,清瀬駅方向,土曜,20:49
清62,台田,清瀬駅方向,休日,07:52
清62,台田,清瀬駅方向,休日,08:34
清62,台田,清瀬駅方向,休日,09:37
清62,台田,清瀬駅方向,休日,10:39
清62,台田,清瀬駅方向,休日,12:52
清62,台田,清瀬駅方向,休日,13:49
清62,台田,清瀬駅方向,休日,15:14
清62,台田,清瀬駅方向,休日,16:06
清62,台田,清瀬駅方向,休日,17:54
清62,台田,清瀬駅方向,休日,19:04
清62,台田,清瀬駅方向,休日,20:34
清62,台田,新座駅方向,平日,06:19
清62,台田,新座駅方向,平日,06:48
清62,台田,新座駅方向,平日,07:26
清62,台田,新座駅方向,平日,08:04
清62,台田,新座駅方向,平日,09:18
清62,台田,新座駅方向,平日,10:36
清62,台田,新座駅方向,平日,11:25
清62,台田,新座駅方向,平日,12:22
清62,台田,新座駅方向,平日,13:28
清62,台田,新座駅方向,平日,14:28
清62,台田,新座駅方向,平日,15:28
清62,台田,新座駅方向,平日,16:21
清62,台田,新座駅方向,平日,17:28
清62,台田,新座駅方向,平日,18:36
清62,台田,新座駅方向,平日,20:58
清62,台田,新座駅方向,土曜,06:58
清62,台田,新座駅方向,土曜,07:33
清62,台田,新座駅方向,土曜,08:18
清62,台田,新座駅方向,土曜,09:32
清62,台田,新座駅方向,土曜,10:26
清62,台田,新座駅方向,土曜,11:48
清62,台田,新座駅方向,土曜,13:08
清62,台田,新座駅方向,土曜,14:08
清62,台田,新座駅方向,土曜,15:13
清62,台田,新座駅方向,土曜,16:13
清62,台田,新座駅方向,土曜,17:38
清62,台田,新座駅方向,土曜,19:41
清62,台田,新座駅方向,休日,07:33
清62,台田,新座駅方向,休日,08:33
清62,台田,新座駅方向,休日,09:33
清62,台田,新座駅方向,休日,11:43
清62,台田,新座駅方向,休日,12:38
清62,台田,新座駅方向,休日,14:05
清62,台田,新座駅方向,休日,14:54
清62,台田,新座駅方向,休日,16:41
清62,台田,新座駅方向,休日,17:46
清62,台田,新座駅方向,休日,19:29
清62,台田,清瀬駅方向,平日,17:26
清63,下清戸二丁目,清瀬駅方向,平日,06:25
清63,下清戸二丁目,清瀬駅方向,平日,06:42
清63,下清戸二丁目,清瀬駅方向,平日,06:54
清63,下清戸二丁目,清瀬駅方向,平日,07:14
清63,下清戸二丁目,清瀬駅方向,平日,07:22
清63,下清戸二丁目,清瀬駅方向,平日,07:28
清63,下清戸二丁目,清瀬駅方向,平日,07:33
清63,下清戸二丁目,清瀬駅方向,平日,07:49
清63,下清戸二丁目,清瀬駅方向,平日,07:56
清63,下清戸二丁目,清瀬駅方向,平日,08:06
清63,下清戸二丁目,清瀬駅方向,平日,08:15
清63,下清戸二丁目,清瀬駅方向,平日,08:24
清63,下清戸二丁目,清瀬駅方向,平日,08:31
清63,下清戸二丁目,清瀬駅方向,平日,08:37
清63,下清戸二丁目,清瀬駅方向,平日,08:44
清63,下清戸二丁目,清瀬駅方向,平日,08:53
清63,下清戸二丁目,清瀬駅方向,平日,09:00
清63,下清戸二丁目,清瀬駅方向,平日,09:07
清63,下清戸二丁目,清瀬駅方向,平日,09:14
清63,下清戸二丁目,清瀬駅方向,平日,09:23
清63,下清戸二丁目,清瀬駅方向,平日,09:32
清63,下清戸二丁目,清瀬駅方向,平日,09:44
清63,下清戸二丁目,清瀬駅方向,平日,09:56
清63,下清戸二丁目,清瀬駅方向,平日,10:04
清63,下清戸二丁目,清瀬駅方向,平日,10:12
清63,下清戸二丁目,清瀬駅方向,平日,10:20
清63,下清戸二丁目,清瀬駅方向,平日,10:28
清63,下清戸二丁目,清瀬駅方向,平日,10:36
清63,下清戸二丁目,清瀬駅方向,平日,10:49
清63,下清戸二丁目,清瀬駅方向,平日,11:02
清63,下清戸二丁目,清瀬駅方向,平日,11:12
清63,下清戸二丁目,清瀬駅方向,平日,11:23
清63,下清戸二丁目,清瀬駅方向,平日,11:33
清63,下清戸二丁目,清瀬駅方向,平日,11:44
清63,下清戸二丁目,清瀬駅方向,平日,11:55
清63,下清戸二丁目,清瀬駅方向,平日,12:05
清63,下清戸二丁目,清瀬駅方向,平日,12:16
清63,下清戸二丁目,清瀬駅方向,平日,12:27
清63,下清戸二丁目,清瀬駅方向,平日,12:34
清63,下清戸二丁目,清瀬駅方向,平日,12:45
清63,下清戸二丁目,清瀬駅方向,平日,12:52
清63,下清戸二丁目,清瀬駅方向,平日,13:02
清63,下清戸二丁目,清瀬駅方向,平日,13:12
清63,下清戸二丁目,清瀬駅方向,平日,13:22
清63,下清戸二丁目,清瀬駅方向,平日,13:32
清63,下清戸二丁目,清瀬駅方向,平日,13:41
清63,下清戸二丁目,清瀬駅方向,平日,13:51
清63,下清戸二丁目,清瀬駅方向,平日,14:01
清63,下清戸二丁目,清瀬駅方向,平日,14:17
清63,下清戸二丁目,清瀬駅方向,平日,14:27
清63,下清戸二丁目,清瀬駅方向,平日,14:39
清63,下清戸二丁目,清瀬駅方向,平日,14:49
清63,下清戸二丁目,清瀬駅方向,平日,15:01
清63,下清戸二丁目,清瀬駅方向,平日,15:11
清63,下清戸二丁目,清瀬駅方向,平日,15:22
清63,下清戸二丁目,清瀬駅方向,平日,15:32
清63,下清戸二丁目,清瀬駅方向,平日,15:42
清63,下清戸二丁目,清瀬駅方向,平日,16:03
清63,下清戸二丁目,清瀬駅方向,平日,16:13
清63,下清戸二丁目,清瀬駅方向,平日,16:24
清63,下清戸二丁目,清瀬駅方向,平日,16:34
清63,下清戸二丁目,清瀬駅方向,平日,16:44
清63,下清戸二丁目,清瀬駅方向,平日,16:54
清63,下清戸二丁目,清瀬駅方向,平日,17:00
清63,下清戸二丁目,清瀬駅方向,平日,17:07
清63,下清戸二丁目,清瀬駅方向,平日,17:15
清63,下清戸二丁目,清瀬駅方向,平日,17:25
清63,下清戸二丁目,清瀬駅方向,平日,17:40
清63,下清戸二丁目,清瀬駅方向,平日,17:49
清63,下清戸二丁目,清瀬駅方向,平日,17:58
清63,下清戸二丁目,清瀬駅方向,平日,18:06
清63,下清戸二丁目,清瀬駅方向,平日,18:12
清63,下清戸二丁目,清瀬駅方向,平日,18:18
清63,下清戸二丁目,清瀬駅方向,平日,18:23
清63,下清戸二丁目,清瀬駅方向,平日,18:30
清63,下清戸二丁目,清瀬駅方向,平日,18:36
清63,下清戸二丁目,清瀬駅方向,平日,18:43
清63,下清戸二丁目,清瀬駅方向,平日,18:51
清63,下清戸二丁目,清瀬駅方向,平日,19:01
清63,下清戸二丁目,清瀬駅方向,平日,19:11
清63,下清戸二丁目,清瀬駅方向,平日,19:17
清63,下清戸二丁目,清瀬駅方向,平日,19:23
清63,下清戸二丁目,清瀬駅方向,平日,19:30
清63,下清戸二丁目,清瀬駅方向,平日,19:48
清63,下清戸二丁目,清瀬駅方向,平日,20:05
清63,下清戸二丁目,清瀬駅方向,平日,20:12
清63,下清戸二丁目,清瀬駅方向,平日,20:25
清63,下清戸二丁目,清瀬駅方向,平日,20:42
清63,下清戸二丁目,清瀬駅方向,平日,20:55
清63,下清戸二丁目,清瀬駅方向,平日,21:08
清63,下清戸二丁目,清瀬駅方向,平日,21:21
清63,下清戸二丁目,清瀬駅方向,平日,21:34
清63,下清戸二丁目,清瀬駅方向,平日,21:46
清63,下清戸二丁目,清瀬駅方向,平日,21:59
清63,下清戸二丁目,清瀬駅方向,平日,22:24
清63,下清戸二丁目,清瀬駅方向,平日,22:54
清63,下清戸二丁目,清瀬駅方向,平日,23:26
清63,下清戸二丁目,清瀬駅方向,土曜,06:46
清63,下清戸二丁目,清瀬駅方向,土曜,06:59
清63,下清戸二丁目,清瀬駅方向,土曜,07:27
清63,下清戸二丁目,清瀬駅方向,土曜,07:41
清63,下清戸二丁目,清瀬駅方向,土曜,07:55
清63,下清戸二丁目,清瀬駅方向,土曜,08:07
清63,下清戸二丁目,清瀬駅方向,土曜,08:28
清63,下清戸二丁目,清瀬駅方向,土曜,08:52
清63,下清戸二丁目,清瀬駅方向,土曜,09:02
清63,下清戸二丁目,清瀬駅方向,土曜,09:12
清63,下清戸二丁目,清瀬駅方向,土曜,09:22
清63,下清戸二丁目,清瀬駅方向,土曜,09:31
清63,下清戸二丁目,清瀬駅方向,土曜,09:49
清63,下清戸二丁目,清瀬駅方向,土曜,09:58
清63,下清戸二丁目,清瀬駅方向,土曜,10:13
清63,下清戸二丁目,清瀬駅方向,土曜,10:24
清63,下清戸二丁目,清瀬駅方向,土曜,10:36
清63,下清戸二丁目,清瀬駅方向,土曜,10:48
清63,下清戸二丁目,清瀬駅方向,土曜,10:59
清63,下清戸二丁目,清瀬駅方向,土曜,11:10
清63,下清戸二丁目,清瀬駅方向,土曜,11:27
清63,下清戸二丁目,清瀬駅方向,土曜,11:36
清63,下清戸二丁目,清瀬駅方向,土曜,11:42
清63,下清戸二丁目,清瀬駅方向,土曜,11:51
清63,下清戸二丁目,清瀬駅方向,土曜,12:01
清63,下清戸二丁目,清瀬駅方向,土曜,12:11
清63,下清戸二丁目,清瀬駅方向,土曜,12:23
清63,下清戸二丁目,清瀬駅方向,土曜,12:33
清63,下清戸二丁目,清瀬駅方向,土曜,12:43
清63,下清戸二丁目,清瀬駅方向,土曜,12:52
清63,下清戸二丁目,清瀬駅方向,土曜,13:01
清63,下清戸二丁目,清瀬駅方向,土曜,13:16
清63,下清戸二丁目,清瀬駅方向,土曜,13:28
清63,下清戸二丁目,清瀬駅方向,土曜,13:40
清63,下清戸二丁目,清瀬駅方向,土曜,13:51
清63,下清戸二丁目,清瀬駅方向,土曜,14:01
清63,下清戸二丁目,清瀬駅方向,土曜,14:14
清63,下清戸二丁目,清瀬駅方向,土曜,14:27
清63,下清戸二丁目,清瀬駅方向,土曜,14:38
清63,下清戸二丁目,清瀬駅方向,土曜,15:09
清63,下清戸二丁目,清瀬駅方向,土曜,15:22
清63,下清戸二丁目,清瀬駅方向,土曜,15:39
清63,下清戸二丁目,清瀬駅方向,土曜,16:00
清63,下清戸二丁目,清瀬駅方向,土曜,16:10
清63,下清戸二丁目,清瀬駅方向,土曜,16:20
清63,下清戸二丁目,清瀬駅方向,土曜,16:28
清63,下清戸二丁目,清瀬駅方向,土曜,16:40
清63,下清戸二丁目,清瀬駅方向,土曜,16:53
清63,下清戸二丁目,清瀬駅方向,土曜,17:08
清63,下清戸二丁目,清瀬駅方向,土曜,17:22
清63,下清戸二丁目,清瀬駅方向,土曜,17:38
清63,下清戸二丁目,清瀬駅方向,土曜,17:52
清63,下清戸二丁目,清瀬駅方向,土曜,18:03
清63,下清戸二丁目,清瀬駅方向,土曜,18:15
清63,下清戸二丁目,清瀬駅方向,土曜,18:27
清63,下清戸二丁目,清瀬駅方向,土曜,18:39
清63,下清戸二丁目,清瀬駅方向,土曜,18:49
清63,下清戸二丁目,清瀬駅方向,土曜,19:00
清63,下清戸二丁目,清瀬駅方向,土曜,19:12
清63,下清戸二丁目,清瀬駅方向,土曜,19:22
清63,下清戸二丁目,清瀬駅方向,土曜,19:43
清63,下清戸二丁目,清瀬駅方向,土曜,20:06
清63,下清戸二丁目,清瀬駅方向,土曜,20:25
清63,下清戸二丁目,清瀬駅方向,土曜,20:46
清63,下清戸二丁目,清瀬駅方向,土曜,21:20
清63,下清戸二丁目,清瀬駅方向,土曜,21:50
清63,下清戸二丁目,清瀬駅方向,土曜,22:10
清63,下清戸二丁目,清瀬駅方向,土曜,22:30
清63,下清戸二丁目,清瀬駅方向,土曜,22:50
清63,下清戸二丁目,清瀬駅方向,休日,06:57
清63,下清戸二丁目,清瀬駅方向,休日,07:43
清63,下清戸二丁目,清瀬駅方向,休日,08:03
清63,下清戸二丁目,清瀬駅方向,休日,08:27
清63,下清戸二丁目,清瀬駅方向,休日,08:43
清63,下清戸二丁目,清瀬駅方向,休日,08:59
清63,下清戸二丁目,清瀬駅方向,休日,09:09
清63,下清戸二丁目,清瀬駅方向,休日,09:27
清63,下清戸二丁目,清瀬駅方向,休日,09:44
清63,下清戸二丁目,清瀬駅方向,休日,10:01
清63,下清戸二丁目,清瀬駅方向,休日,10:10
清63,下清戸二丁目,清瀬駅方向,休日,10:28
清63,下清戸二丁目,清瀬駅方向,休日,10:41
清63,下清戸二丁目,清瀬駅方向,休日,10:53
清63,下清戸二丁目,清瀬駅方向,休日,11:02
清63,下清戸二丁目,清瀬駅方向,休日,11:09
清63,下清戸二丁目,清瀬駅方向,休日,11:23
清63,下清戸二丁目,清瀬駅方向,休日,11:37
清63,下清戸二丁目,清瀬駅方向,休日,11:45
清63,下清戸二丁目,清瀬駅方向,休日,11:55
清63,下清戸二丁目,清瀬駅方向,休日,12:07
清63,下清戸二丁目,清瀬駅方向,休日,12:19
清63,下清戸二丁目,清瀬駅方向,休日,12:33
清63,下清戸二丁目,清瀬駅方向,休日,12:47
清63,下清戸二丁目,清瀬駅方向,休日,13:02
清63,下清戸二丁目,清瀬駅方向,休日,13:16
清63,下清戸二丁目,清瀬駅方向,休日,13:28
清63,下清戸二丁目,清瀬駅方向,休日,13:41
清63,下清戸二丁目,清瀬駅方向,休日,13:55
清63,下清戸二丁目,清瀬駅方向,休日,14:07
清63,下清戸二丁目,清瀬駅方向,休日,14:17
清63,下清戸二丁目,清瀬駅方向,休日,14:27
清63,下清戸二丁目,清瀬駅方向,休日,14:37
清63,下清戸二丁目,清瀬駅方向,休日,14:57
清63,下清戸二丁目,清瀬駅方向,休日,15:32
清63,下清戸二丁目,清瀬駅方向,休日,15:46
清63,下清戸二丁目,清瀬駅方向,休日,16:01
清63,下清戸二丁目,清瀬駅方向,休日,16:16
清63,下清戸二丁目,清瀬駅方向,休日,16:29
清63,下清戸二丁目,清瀬駅方向,休日,16:42
清63,下清戸二丁目,清瀬駅方向,休日,16:55
清63,下清戸二丁目,清瀬駅方向,休日,17:09
清63,下清戸二丁目,清瀬駅方向,休日,17:23
清63,下清戸二丁目,清瀬駅方向,休日,17:36
清63,下清戸二丁目,清瀬駅方向,休日,17:51
清63,下清戸二丁目,清瀬駅方向,休日,18:07
清63,下清戸二丁目,清瀬駅方向,休日,18:22
清63,下清戸二丁目,清瀬駅方向,休日,18:38
清63,下清戸二丁目,清瀬駅方向,休日,18:54
清63,下清戸二丁目,清瀬駅方向,休日,19:14
清63,下清戸二丁目,清瀬駅方向,休日,19:37
清63,下清戸二丁目,清瀬駅方向,休日,20:00
清63,下清戸二丁目,清瀬駅方向,休日,20:22
清63,下清戸二丁目,清瀬駅方向,休日,20:42
清63,下清戸二丁目,清瀬駅方向,休日,21:06
清63,下清戸二丁目,清瀬駅方向,休日,21:30
清63,下清戸二丁目,清瀬駅方向,休日,21:50
清63,下清戸二丁目,清瀬駅方向,休日,22:10
清63,下清戸二丁目,清瀬駅方向,休日,22:30
清63,下清戸二丁目,清瀬駅方向,平日,05:42
清63,下清戸二丁目,清瀬駅方向,平日,05:53
清63,下清戸二丁目,清瀬駅方向,平日,06:04
清63,下清戸二丁目,清瀬駅方向,平日,06:15
清63,下清戸二丁目,清瀬駅方向,平日,06:35
清63,下清戸二丁目,清瀬駅方向,平日,06:48
清63,下清戸二丁目,清瀬駅方向,平日,07:01
清63,下清戸二丁目,清瀬駅方向,平日,07:07
清63,下清戸二丁目,清瀬駅方向,平日,07:18
清63,下清戸二丁目,清瀬駅方向,平日,07:41
清63,下清戸二丁目,清瀬駅方向,平日,14:09
清63,下清戸二丁目,清瀬駅方向,平日,14:55
清63,下清戸二丁目,清瀬駅方向,平日,15:53
清63,下清戸二丁目,清瀬駅方向,平日,16:19
清63,下清戸二丁目,清瀬駅方向,平日,17:33
清63,下清戸二丁目,清瀬駅方向,土曜,06:06
清63,下清戸二丁目,清瀬駅方向,土曜,06:18
清63,下清戸二丁目,清瀬駅方向,土曜,06:32
清63,下清戸二丁目,清瀬駅方向,土曜,07:08
清63,下清戸二丁目,清瀬駅方向,土曜,07:16
清63,下清戸二丁目,清瀬駅方向,土曜,08:18
清63,下清戸二丁目,清瀬駅方向,土曜,08:40
清63,下清戸二丁目,清瀬駅方向,土曜,09:40
清63,下清戸二丁目,清瀬駅方向,土曜,10:05
清63,下清戸二丁目,清瀬駅方向,土曜,11:18
清63,下清戸二丁目,清瀬駅方向,土曜,13:09
清63,下清戸二丁目,清瀬駅方向,土曜,14:48
清63,下清戸二丁目,清瀬駅方向,土曜,14:58
清63,下清戸二丁目,清瀬駅方向,土曜,15:31
清63,下清戸二丁目,清瀬駅方向,土曜,15:48
清63,下清戸二丁目,清瀬駅方向,休日,06:17
清63,下清戸二丁目,清瀬駅方向,休日,07:09
清63,下清戸二丁目,清瀬駅方向,休日,07:23
清63,下清戸二丁目,清瀬駅方向,休日,08:13
清63,下清戸二丁目,清瀬駅方向,休日,09:18
清63,下清戸二丁目,清瀬駅方向,休日,10:19
清63,下清戸二丁目,清瀬駅方向,休日,14:46
清63,下清戸二丁目,清瀬駅方向,休日,15:15
清63,下清戸二丁目,清瀬駅方向,平日,08:01
清63,下清戸二丁目,清瀬駅方向,平日,08:29
清64,台田団地中央,清瀬駅方向,平日,05:56
清64,台田団地中央,清瀬駅方向,平日,06:41
清64,台田団地中央,清瀬駅方向,平日,07:01
清64,台田団地中央,清瀬駅方向,平日,07:31
清64,台田団地中央,清瀬駅方向,平日,07:46
清64,台田団地中央,清瀬駅方向,平日,08:06
清64,台田団地中央,清瀬駅方向,平日,08:51
清64,台田団地中央,清瀬駅方向,平日,09:21
清64,台田団地中央,清瀬駅方向,平日,10:06
清64,台田団地中央,清瀬駅方向,平日,10:26
清64,台田団地中央,清瀬駅方向,平日,10:46
清64,台田団地中央,清瀬駅方向,平日,11:21
清64,台田団地中央,清瀬駅方向,平日,11:41
清64,台田団地中央,清瀬駅方向,平日,12:16
清64,台田団地中央,清瀬駅方向,平日,12:31
清64,台田団地中央,清瀬駅方向,平日,12:46
清64,台田団地中央,清瀬駅方向,平日,13:06
清64,台田団地中央,清瀬駅方向,平日,13:36
清64,台田団地中央,清瀬駅方向,平日,13:51
清64,台田団地中央,清瀬駅方向,平日,14:36
清64,台田団地中央,清瀬駅方向,平日,14:51
清64,台田団地中央,清瀬駅方向,平日,15:21
清64,台田団地中央,清瀬駅方向,平日,15:41
清64,台田団地中央,清瀬駅方向,平日,15:56
清64,台田団地中央,清瀬駅方向,平日,16:26
清64,台田団地中央,清瀬駅方向,平日,16:41
清64,台田団地中央,清瀬駅方向,平日,17:11
清64,台田団地中央,清瀬駅方向,平日,17:31
清64,台田団地中央,清瀬駅方向,平日,18:01
清64,台田団地中央,清瀬駅方向,平日,18:16
清64,台田団地中央,清瀬駅方向,平日,19:01
清64,台田団地中央,清瀬駅方向,平日,19:16
清64,台田団地中央,清瀬駅方向,平日,19:56
清64,台田団地中央,清瀬駅方向,平日,20:26
清64,台田団地中央,清瀬駅方向,平日,20:46
清64,台田団地中央,清瀬駅方向,平日,21:36
清64,台田団地中央,清瀬駅方向,平日,22:21
清64,台田団地中央,清瀬駅方向,土曜,06:01
清64,台田団地中央,清瀬駅方向,土曜,06:36
清64,台田団地中央,清瀬駅方向,土曜,07:21
清64,台田団地中央,清瀬駅方向,土曜,07:41
清64,台田団地中央,清瀬駅方向,土曜,08:21
清64,台田団地中央,清瀬駅方向,土曜,08:41
清64,台田団地中央,清瀬駅方向,土曜,09:31
清64,台田団地中央,清瀬駅方向,土曜,10:01
清64,台田団地中央,清瀬駅方向,土曜,10:51
清64,台田団地中央,清瀬駅方向,土曜,11:21
清64,台田団地中央,清瀬駅方向,土曜,11:56
清64,台田団地中央,清瀬駅方向,土曜,12:26
清64,台田団地中央,清瀬駅方向,土曜,12:56
清64,台田団地中央,清瀬駅方向,土曜,13:21
清64,台田団地中央,清瀬駅方向,土曜,14:11
清64,台田団地中央,清瀬駅方向,土曜,15:01
清64,台田団地中央,清瀬駅方向,土曜,15:46
清64,台田団地中央,清瀬駅方向,土曜,16:11
清64,台田団地中央,清瀬駅方向,土曜,16:51
清64,台田団地中央,清瀬駅方向,土曜,17:21
清64,台田団地中央,清瀬駅方向,土曜,18:11
清64,台田団地中央,清瀬駅方向,土曜,19:01
清64,台田団地中央,清瀬駅方向,土曜,19:46
清64,台田団地中央,清瀬駅方向,土曜,20:31
清64,台田団地中央,清瀬駅方向,土曜,21:16
清64,台田団地中央,清瀬駅方向,土曜,22:01
清64,台田団地中央,清瀬駅方向,休日,06:11
清64,台田団地中央,清瀬駅方向,休日,06:46
清64,台田団地中央,清瀬駅方向,休日,07:31
清64,台田団地中央,清瀬駅方向,休日,07:56
清64,台田団地中央,清瀬駅方向,休日,08:21
清64,台田団地中央,清瀬駅方向,休日,08:41
清64,台田団地中央,清瀬駅方向,休日,09:21
清64,台田団地中央,清瀬駅方向,休日,10:06
清64,台田団地中央,清瀬駅方向,休日,10:56
清64,台田団地中央,清瀬駅方向,休日,11:16
清64,台田団地中央,清瀬駅方向,休日,11:56
清64,台田団地中央,清瀬駅方向,休日,12:26
清64,台田団地中央,清瀬駅方向,休日,12:56
清64,台田団地中央,清瀬駅方向,休日,13:26
清64,台田団地中央,清瀬駅方向,休日,14:16
清64,台田団地中央,清瀬駅方向,休日,15:06
清64,台田団地中央,清瀬駅方向,休日,15:56
清64,台田団地中央,清瀬駅方向,休日,16:16
清64,台田団地中央,清瀬駅方向,休日,16:56
清64,台田団地中央,清瀬駅方向,休日,17:16
清64,台田団地中央,清瀬駅方向,休日,17:56
清64,台田団地中央,清瀬駅方向,休日,18:36
清64,台田団地中央,清瀬駅方向,休日,19:21
清64,台田団地中央,清瀬駅方向,休日,20:06
清64,台田団地中央,清瀬駅方向,休日,20:56
清64,台田団地中央,清瀬駅方向,休日,21:41
清64,台田団地中央,清瀬駅方向,平日,06:16
清64,台田団地中央,清瀬駅方向,平日,07:16
清64,台田団地中央,清瀬駅方向,平日,08:21
清64,台田団地中央,清瀬駅方向,平日,09:41
清64,台田団地中央,清瀬駅方向,平日,11:06
清64,台田団地中央,清瀬駅方向,平日,12:01
清64,台田団地中央,清瀬駅方向,平日,13:16
清64,台田団地中央,清瀬駅方向,平日,14:11
清64,台田団地中央,清瀬駅方向,平日,15:06
清64,台田団地中央,清瀬駅方向,平日,16:11
清64,台田団地中央,清瀬駅方向,平日,16:51
清64,台田団地中央,清瀬駅方向,平日,17:46
清64,台田団地中央,清瀬駅方向,平日,18:41
清64,台田団地中央,清瀬駅方向,平日,21:06
清64,台田団地中央,清瀬駅方向,土曜,07:01
清64,台田団地中央,清瀬駅方向,土曜,08:01
清64,台田団地中央,清瀬駅方向,土曜,09:06
清64,台田団地中央,清瀬駅方向,土曜,10:26
清64,台田団地中央,清瀬駅方向,土曜,12:41
清64,台田団地中央,清瀬駅方向,土曜,13:41
清64,台田団地中央,清瀬駅方向,土曜,14:36
清64,台田団地中央,清瀬駅方向,土曜,16:31
清64,台田団地中央,清瀬駅方向,土曜,17:36
清64,台田団地中央,清瀬駅方向,土曜,18:36
清64,台田団地中央,清瀬駅方向,休日,09:36
清64,台田団地中央,清瀬駅方向,休日,10:36
清64,台田団地中央,清瀬駅方向,休日,11:36
清64,台田団地中央,清瀬駅方向,休日,13:46
清64,台田団地中央,清瀬駅方向,休日,14:41
清64,台田団地中央,清瀬駅方向,休日,15:36
清64,台田団地中央,清瀬駅方向,休日,16:36
清64,清瀬駅北口,自宅方向,平日,06:15
清64,清瀬駅北口,自宅方向,平日,07:05
清64,清瀬駅北口,自宅方向,平日,07:25
清64,清瀬駅北口,自宅方向,平日,08:05
清64,清瀬駅北口,自宅方向,平日,08:25
清64,清瀬駅北口,自宅方向,平日,09:10
清64,清瀬駅北口,自宅方向,平日,09:40
清64,清瀬駅北口,自宅方向,平日,10:30
清64,清瀬駅北口,自宅方向,平日,10:50
清64,清瀬駅北口,自宅方向,平日,11:10
清64,清瀬駅北口,自宅方向,平日,11:45
清64,清瀬駅北口,自宅方向,平日,12:10
清64,清瀬駅北口,自宅方向,平日,12:40
清64,清瀬駅北口,自宅方向,平日,12:55
清64,清瀬駅北口,自宅方向,平日,13:10
清64,清瀬駅北口,自宅方向,平日,13:25
清64,清瀬駅北口,自宅方向,平日,14:00
清64,清瀬駅北口,自宅方向,平日,14:15
清64,清瀬駅北口,自宅方向,平日,14:55
清64,清瀬駅北口,自宅方向,平日,15:15
清64,清瀬駅北口,自宅方向,平日,15:45
清64,清瀬駅北口,自宅方向,平日,16:00
清64,清瀬駅北口,自宅方向,平日,16:15
清64,清瀬駅北口,自宅方向,平日,16:50
清64,清瀬駅北口,自宅方向,平日,17:05
清64,清瀬駅北口,自宅方向,平日,17:35
清64,清瀬駅北口,自宅方向,平日,17:55
清64,清瀬駅北口,自宅方向,平日,18:25
清64,清瀬駅北口,自宅方向,平日,18:40
清64,清瀬駅北口,自宅方向,平日,19:20
清64,清瀬駅北口,自宅方向,平日,19:35
清64,清瀬駅北口,自宅方向,平日,20:20
清64,清瀬駅北口,自宅方向,平日,20:45
清64,清瀬駅北口,自宅方向,平日,21:10
清64,清瀬駅北口,自宅方向,平日,22:00
清64,清瀬駅北口,自宅方向,平日,22:40
清64,清瀬駅北口,自宅方向,土曜,06:55
清64,清瀬駅北口,自宅方向,土曜,07:45
清64,清瀬駅北口,自宅方向,土曜,08:05
清64,清瀬駅北口,自宅方向,土曜,08:45
清64,清瀬駅北口,自宅方向,土曜,09:05
清64,清瀬駅北口,自宅方向,土曜,09:55
清64,清瀬駅北口,自宅方向,土曜,10:25
清64,清瀬駅北口,自宅方向,土曜,11:15
清64,清瀬駅北口,自宅方向,土曜,11:45
清64,清瀬駅北口,自宅方向,土曜,12:20
清64,清瀬駅北口,自宅方向,土曜,12:50
清64,清瀬駅北口,自宅方向,土曜,13:20
清64,清瀬駅北口,自宅方向,土曜,13:45
清64,清瀬駅北口,自宅方向,土曜,14:35
清64,清瀬駅北口,自宅方向,土曜,15:25
清64,清瀬駅北口,自宅方向,土曜,16:10
清64,清瀬駅北口,自宅方向,土曜,16:35
清64,清瀬駅北口,自宅方向,土曜,17:15
清64,清瀬駅北口,自宅方向,土曜,17:40
清64,清瀬駅北口,自宅方向,土曜,18:30
清64,清瀬駅北口,自宅方向,土曜,19:20
清64,清瀬駅北口,自宅方向,土曜,20:05
清64,清瀬駅北口,自宅方向,土曜,20:50
清64,清瀬駅北口,自宅方向,土曜,21:35
清64,清瀬駅北口,自宅方向,土曜,22:20
清64,清瀬駅北口,自宅方向,休日,07:05
清64,清瀬駅北口,自宅方向,休日,07:50
清64,清瀬駅北口,自宅方向,休日,08:15
清64,清瀬駅北口,自宅方向,休日,08:40
清64,清瀬駅北口,自宅方向,休日,09:00
清64,清瀬駅北口,自宅方向,休日,09:45
清64,清瀬駅北口,自宅方向,休日,10:30
清64,清瀬駅北口,自宅方向,休日,11:15
清64,清瀬駅北口,自宅方向,休日,11:40
清64,清瀬駅北口,自宅方向,休日,12:20
清64,清瀬駅北口,自宅方向,休日,12:45
清64,清瀬駅北口,自宅方向,休日,13:15
清64,清瀬駅北口,自宅方向,休日,13:50
清64,清瀬駅北口,自宅方向,休日,14:40
清64,清瀬駅北口,自宅方向,休日,15:30
清64,清瀬駅北口,自宅方向,休日,16:20
清64,清瀬駅北口,自宅方向,休日,16:40
清64,清瀬駅北口,自宅方向,休日,17:15
清64,清瀬駅北口,自宅方向,休日,17:35
清64,清瀬駅北口,自宅方向,休日,18:15
清64,清瀬駅北口,自宅方向,休日,18:55
清64,清瀬駅北口,自宅方向,休日,19:40
清64,清瀬駅北口,自宅方向,休日,20:25
清64,清瀬駅北口,自宅方向,休日,21:15
清64,清瀬駅北口,自宅方向,休日,22:00
清61,新座駅南口,自宅方向,土曜,06:45
清61,新座駅南口,自宅方向,土曜,07:35
清61,新座駅南口,自宅方向,土曜,07:55
清61,新座駅南口,自宅方向,土曜,08:15
清61,新座駅南口,自宅方向,土曜,08:45
清61,新座駅南口,自宅方向,土曜,09:12
清61,新座駅南口,自宅方向,土曜,09:49
清61,新座駅南口,自宅方向,土曜,10:33
清61,新座駅南口,自宅方向,土曜,10:52
清61,新座駅南口,自宅方向,土曜,11:26
清61,新座駅南口,自宅方向,土曜,11:55
清61,新座駅南口,自宅方向,土曜,12:29
清61,新座駅南口,自宅方向,土曜,12:57
清61,新座駅南口,自宅方向,土曜,13:29
清61,新座駅南口,自宅方向,土曜,13:55
清61,新座駅南口,自宅方向,土曜,14:54
清61,新座駅南口,自宅方向,土曜,15:30
清61,新座駅南口,自宅方向,土曜,15:50
清61,新座駅南口,自宅方向,土曜,16:28
清61,新座駅南口,自宅方向,土曜,16:59
清61,新座駅南口,自宅方向,土曜,17:32
清61,新座駅南口,自宅方向,土曜,18:00
清61,新座駅南口,自宅方向,土曜,18:36
清61,新座駅南口,自宅方向,土曜,19:01
清61,新座駅南口,自宅方向,土曜,19:30
清61,新座駅南口,自宅方向,土曜,19:55
清61,新座駅南口,自宅方向,土曜,20:20
清61,新座駅南口,自宅方向,土曜,20:50
清61,新座駅南口,自宅方向,土曜,21:25
清61,新座駅南口,自宅方向,土曜,22:15
清61,新座駅南口,自宅方向,休日,07:00
清61,新座駅南口,自宅方向,休日,07:30
清61,新座駅南口,自宅方向,休日,08:00
清61,新座駅南口,自宅方向,休日,09:01
清61,新座駅南口,自宅方向,休日,09:35
清61,新座駅南口,自宅方向,休日,10:08
清61,新座駅南口,自宅方向,休日,10:55
清61,新座駅南口,自宅方向,休日,11:35
清61,新座駅南口,自宅方向,休日,12:45
清61,新座駅南口,自宅方向,休日,13:23
清61,新座駅南口,自宅方向,休日,14:10
清61,新座駅南口,自宅方向,休日,14:50
清61,新座駅南口,自宅方向,休日,15:30
清61,新座駅南口,自宅方向,休日,16:40
清61,新座駅南口,自宅方向,休日,17:12
清61,新座駅南口,自宅方向,休日,17:50
清61,新座駅南口,自宅方向,休日,18:24
清61,新座駅南口,自宅方向,休日,19:33
清61,新座駅南口,自宅方向,休日,20:10
清61,新座駅南口,自宅方向,休日,20:45
清61,新座駅南口,自宅方向,休日,21:20
清61,新座駅南口,自宅方向,土曜,09:29
清61,新座駅南口,自宅方向,土曜,13:14
清61,新座駅南口,自宅方向,土曜,14:36
清61,新座駅南口,自宅方向,土曜,16:47
清61,新座駅南口,自宅方向,休日,08:15
清61,新座駅南口,自宅方向,休日,12:05
清61,新座駅南口,自宅方向,休日,13:47
清61,新座駅南口,自宅方向,休日,15:44
清62,新座駅南口,自宅方向,平日,07:08
清62,新座駅南口,自宅方向,平日,07:40
清62,新座駅南口,自宅方向,平日,08:28
清62,新座駅南口,自宅方向,平日,09:06
清62,新座駅南口,自宅方向,平日,10:17
清62,新座駅南口,自宅方向,平日,11:32
清62,新座駅南口,自宅方向,平日,12:22
清62,新座駅南口,自宅方向,平日,13:21
清62,新座駅南口,自宅方向,平日,14:20
清62,新座駅南口,自宅方向,平日,15:23
清62,新座駅南口,自宅方向,平日,16:23
清62,新座駅南口,自宅方向,平日,17:20
清62,新座駅南口,自宅方向,平日,18:35
清62,新座駅南口,自宅方向,平日,19:34
清62,新座駅南口,自宅方向,平日,21:46
清62,新座駅南口,自宅方向,土曜,07:47
清62,新座駅南口,自宅方向,土曜,08:23
清62,新座駅南口,自宅方向,土曜,09:10
清62,新座駅南口,自宅方向,土曜,10:26
清62,新座駅南口,自宅方向,土曜,11:32
清62,新座駅南口,自宅方向,土曜,12:45
清62,新座駅南口,自宅方向,土曜,14:10
清62,新座駅南口,自宅方向,土曜,15:10
清62,新座駅南口,自宅方向,土曜,16:15
清62,新座駅南口,自宅方向,土曜,17:15
清62,新座駅南口,自宅方向,土曜,18:40
清62,新座駅南口,自宅方向,土曜,20:35
清62,新座駅南口,自宅方向,休日,07:40
清62,新座駅南口,自宅方向,休日,08:22
清62,新座駅南口,自宅方向,休日,09:25
清62,新座駅南口,自宅方向,休日,10:25
清62,新座駅南口,自宅方向,休日,12:38
清62,新座駅南口,自宅方向,休日,13:35
清62,新座駅南口,自宅方向,休日,15:00
清62,新座駅南口,自宅方向,休日,15:52
清62,新座駅南口,自宅方向,休日,17:40
清62,新座駅南口,自宅方向,休日,18:50
清62,新座駅南口,自宅方向,休日,20:20
